{"playerData":{"playerStats":[100.0,1989.0,98.0],"playerPosAndRotation":[37.010398864746097,1.9299997091293336,23.662065505981447,-0.05949004739522934,0.8809474110603333,-0.11515157669782639],"inventoryContent":[],"quickSlotsContent":[]},"environmentData":{"pickedUpItems":[]}}