{"playerData":{"playerStats":[100.0,1965.0,94.0],"playerPosAndRotation":[51.26115417480469,1.9299997091293336,23.25910758972168,0.045866843312978747,-0.7327671051025391,0.04963663965463638],"inventoryContent":["Stone","Stone","Stone"],"quickSlotsContent":[]},"environmentData":{"pickedUpItems":["Stick0002","Stick0001","Stick0003","Stone0003"]}}