{"playerData":{"playerStats":[100.0,1980.0,97.0],"playerPosAndRotation":[53.95414352416992,1.9299997091293336,-57.049800872802737,0.08822309225797653,-0.026344874873757364,0.002334147458896041],"inventoryContent":[],"quickSlotsContent":[]},"environmentData":{"pickedUpItems":[]}}